gene	pair	window	span_kb	nSNP	p12	PP3	PP4	top
MEIS1	rls_akcimen x insomnia	100%	1286	3719	1e-06	0.109	0.891	rs113851554
MEIS1	rls_akcimen x insomnia	100%	1286	3719	5e-06	0.024	0.976	rs113851554
MEIS1	rls_akcimen x insomnia	100%	1286	3719	1e-05	0.012	0.988	rs113851554
MEIS1	rls_akcimen x insomnia	100%	1286	3719	2e-05	0.006	0.994	rs113851554
MEIS1	rls_akcimen x insomnia	100%	1286	3719	5e-05	0.002	0.998	rs113851554
MEIS1	rls_akcimen x insomnia	75%	965	2654	1e-06	0.109	0.891	rs113851554
MEIS1	rls_akcimen x insomnia	75%	965	2654	5e-06	0.024	0.976	rs113851554
MEIS1	rls_akcimen x insomnia	75%	965	2654	1e-05	0.012	0.988	rs113851554
MEIS1	rls_akcimen x insomnia	75%	965	2654	2e-05	0.006	0.994	rs113851554
MEIS1	rls_akcimen x insomnia	75%	965	2654	5e-05	0.002	0.998	rs113851554
MEIS1	rls_akcimen x insomnia	50%	643	1624	1e-06	0.109	0.891	rs113851554
MEIS1	rls_akcimen x insomnia	50%	643	1624	5e-06	0.024	0.976	rs113851554
MEIS1	rls_akcimen x insomnia	50%	643	1624	1e-05	0.012	0.988	rs113851554
MEIS1	rls_akcimen x insomnia	50%	643	1624	2e-05	0.006	0.994	rs113851554
MEIS1	rls_akcimen x insomnia	50%	643	1624	5e-05	0.002	0.998	rs113851554
MEIS1	rls_akcimen x chronotype	100%	1286	3528	1e-06	0.009	0.991	rs113851554
MEIS1	rls_akcimen x chronotype	100%	1286	3528	5e-06	0.002	0.998	rs113851554
MEIS1	rls_akcimen x chronotype	100%	1286	3528	1e-05	0.001	0.999	rs113851554
MEIS1	rls_akcimen x chronotype	100%	1286	3528	2e-05	0	1	rs113851554
MEIS1	rls_akcimen x chronotype	100%	1286	3528	5e-05	0	1	rs113851554
MEIS1	rls_akcimen x chronotype	75%	965	2488	1e-06	0.009	0.991	rs113851554
MEIS1	rls_akcimen x chronotype	75%	965	2488	5e-06	0.002	0.998	rs113851554
MEIS1	rls_akcimen x chronotype	75%	965	2488	1e-05	0.001	0.999	rs113851554
MEIS1	rls_akcimen x chronotype	75%	965	2488	2e-05	0	1	rs113851554
MEIS1	rls_akcimen x chronotype	75%	965	2488	5e-05	0	1	rs113851554
MEIS1	rls_akcimen x chronotype	50%	643	1529	1e-06	0.009	0.991	rs113851554
MEIS1	rls_akcimen x chronotype	50%	643	1529	5e-06	0.002	0.998	rs113851554
MEIS1	rls_akcimen x chronotype	50%	643	1529	1e-05	0.001	0.999	rs113851554
MEIS1	rls_akcimen x chronotype	50%	643	1529	2e-05	0	1	rs113851554
MEIS1	rls_akcimen x chronotype	50%	643	1529	5e-05	0	1	rs113851554
MEIS1	rls_akcimen x sleepdur_eur_short	100%	1286	389	1e-06	0	1	rs11693221
MEIS1	rls_akcimen x sleepdur_eur_short	100%	1286	389	5e-06	0	1	rs11693221
MEIS1	rls_akcimen x sleepdur_eur_short	100%	1286	389	1e-05	0	1	rs11693221
MEIS1	rls_akcimen x sleepdur_eur_short	100%	1286	389	2e-05	0	1	rs11693221
MEIS1	rls_akcimen x sleepdur_eur_short	100%	1286	389	5e-05	0	1	rs11693221
MEIS1	rls_akcimen x sleepdur_eur_short	75%	965	253	1e-06	0	1	rs11693221
MEIS1	rls_akcimen x sleepdur_eur_short	75%	965	253	5e-06	0	1	rs11693221
MEIS1	rls_akcimen x sleepdur_eur_short	75%	965	253	1e-05	0	1	rs11693221
MEIS1	rls_akcimen x sleepdur_eur_short	75%	965	253	2e-05	0	1	rs11693221
MEIS1	rls_akcimen x sleepdur_eur_short	75%	965	253	5e-05	0	1	rs11693221
MEIS1	rls_akcimen x sleepdur_eur_short	50%	643	153	1e-06	0	1	rs11693221
MEIS1	rls_akcimen x sleepdur_eur_short	50%	643	153	5e-06	0	1	rs11693221
MEIS1	rls_akcimen x sleepdur_eur_short	50%	643	153	1e-05	0	1	rs11693221
MEIS1	rls_akcimen x sleepdur_eur_short	50%	643	153	2e-05	0	1	rs11693221
MEIS1	rls_akcimen x sleepdur_eur_short	50%	643	153	5e-05	0	1	rs11693221
SEMA6D	rls_akcimen x mdd	100%	1567	2714	1e-06	0.143	0.857	rs586226
SEMA6D	rls_akcimen x mdd	100%	1567	2714	5e-06	0.032	0.968	rs586226
SEMA6D	rls_akcimen x mdd	100%	1567	2714	1e-05	0.016	0.984	rs586226
SEMA6D	rls_akcimen x mdd	100%	1567	2714	2e-05	0.008	0.992	rs586226
SEMA6D	rls_akcimen x mdd	100%	1567	2714	5e-05	0.003	0.997	rs586226
SEMA6D	rls_akcimen x mdd	75%	1175	1850	1e-06	0.142	0.857	rs586226
SEMA6D	rls_akcimen x mdd	75%	1175	1850	5e-06	0.032	0.968	rs586226
SEMA6D	rls_akcimen x mdd	75%	1175	1850	1e-05	0.016	0.984	rs586226
SEMA6D	rls_akcimen x mdd	75%	1175	1850	2e-05	0.008	0.992	rs586226
SEMA6D	rls_akcimen x mdd	75%	1175	1850	5e-05	0.003	0.997	rs586226
SEMA6D	rls_akcimen x mdd	50%	783	1145	1e-06	0.003	0.001	rs117766823
SEMA6D	rls_akcimen x mdd	50%	783	1145	5e-06	0.003	0.004	rs117766823
SEMA6D	rls_akcimen x mdd	50%	783	1145	1e-05	0.003	0.007	rs117766823
SEMA6D	rls_akcimen x mdd	50%	783	1145	2e-05	0.003	0.014	rs117766823
SEMA6D	rls_akcimen x mdd	50%	783	1145	5e-05	0.003	0.035	rs117766823
TOX3	rls_akcimen x pd_nalls	100%	1353	20899	1e-06	0.149	0.841	rs3104769
TOX3	rls_akcimen x pd_nalls	100%	1353	20899	5e-06	0.034	0.964	rs3104769
TOX3	rls_akcimen x pd_nalls	100%	1353	20899	1e-05	0.017	0.981	rs3104769
TOX3	rls_akcimen x pd_nalls	100%	1353	20899	2e-05	0.009	0.991	rs3104769
TOX3	rls_akcimen x pd_nalls	100%	1353	20899	5e-05	0.004	0.996	rs3104769
TOX3	rls_akcimen x pd_nalls	75%	1014	20017	1e-06	0.16	0.829	rs3104769
TOX3	rls_akcimen x pd_nalls	75%	1014	20017	5e-06	0.037	0.961	rs3104769
TOX3	rls_akcimen x pd_nalls	75%	1014	20017	1e-05	0.019	0.98	rs3104769
TOX3	rls_akcimen x pd_nalls	75%	1014	20017	2e-05	0.01	0.99	rs3104769
TOX3	rls_akcimen x pd_nalls	75%	1014	20017	5e-05	0.004	0.996	rs3104769
TOX3	rls_akcimen x pd_nalls	50%	676	19193	1e-06	0.172	0.818	rs3104769
TOX3	rls_akcimen x pd_nalls	50%	676	19193	5e-06	0.04	0.957	rs3104769
TOX3	rls_akcimen x pd_nalls	50%	676	19193	1e-05	0.021	0.978	rs3104769
TOX3	rls_akcimen x pd_nalls	50%	676	19193	2e-05	0.01	0.989	rs3104769
TOX3	rls_akcimen x pd_nalls	50%	676	19193	5e-05	0.004	0.996	rs3104769
SKOR2	rls_akcimen x daytime_sleepiness	100%	1418	3998	1e-06	0.188	0.805	rs9965170
SKOR2	rls_akcimen x daytime_sleepiness	100%	1418	3998	5e-06	0.045	0.954	rs9965170
SKOR2	rls_akcimen x daytime_sleepiness	100%	1418	3998	1e-05	0.023	0.976	rs9965170
SKOR2	rls_akcimen x daytime_sleepiness	100%	1418	3998	2e-05	0.012	0.988	rs9965170
SKOR2	rls_akcimen x daytime_sleepiness	100%	1418	3998	5e-05	0.005	0.995	rs9965170
SKOR2	rls_akcimen x daytime_sleepiness	75%	1064	2858	1e-06	0.187	0.806	rs9965170
SKOR2	rls_akcimen x daytime_sleepiness	75%	1064	2858	5e-06	0.044	0.954	rs9965170
SKOR2	rls_akcimen x daytime_sleepiness	75%	1064	2858	1e-05	0.023	0.976	rs9965170
SKOR2	rls_akcimen x daytime_sleepiness	75%	1064	2858	2e-05	0.011	0.988	rs9965170
SKOR2	rls_akcimen x daytime_sleepiness	75%	1064	2858	5e-05	0.005	0.995	rs9965170
SKOR2	rls_akcimen x daytime_sleepiness	50%	709	2029	1e-06	0.186	0.807	rs9965170
SKOR2	rls_akcimen x daytime_sleepiness	50%	709	2029	5e-06	0.044	0.954	rs9965170
SKOR2	rls_akcimen x daytime_sleepiness	50%	709	2029	1e-05	0.022	0.977	rs9965170
SKOR2	rls_akcimen x daytime_sleepiness	50%	709	2029	2e-05	0.011	0.988	rs9965170
SKOR2	rls_akcimen x daytime_sleepiness	50%	709	2029	5e-05	0.005	0.995	rs9965170
PTPRD	rls_akcimen x sleepdur_eur_short	100%	908	438	1e-06	0.016	0.513	rs12685098
PTPRD	rls_akcimen x sleepdur_eur_short	100%	908	438	5e-06	0.005	0.841	rs12685098
PTPRD	rls_akcimen x sleepdur_eur_short	100%	908	438	1e-05	0.003	0.913	rs12685098
PTPRD	rls_akcimen x sleepdur_eur_short	100%	908	438	2e-05	0.001	0.955	rs12685098
PTPRD	rls_akcimen x sleepdur_eur_short	100%	908	438	5e-05	0.001	0.981	rs12685098
PTPRD	rls_akcimen x sleepdur_eur_short	75%	681	328	1e-06	0.015	0.514	rs12685098
PTPRD	rls_akcimen x sleepdur_eur_short	75%	681	328	5e-06	0.005	0.841	rs12685098
PTPRD	rls_akcimen x sleepdur_eur_short	75%	681	328	1e-05	0.003	0.914	rs12685098
PTPRD	rls_akcimen x sleepdur_eur_short	75%	681	328	2e-05	0.001	0.955	rs12685098
PTPRD	rls_akcimen x sleepdur_eur_short	75%	681	328	5e-05	0.001	0.981	rs12685098
PTPRD	rls_akcimen x sleepdur_eur_short	50%	454	190	1e-06	0.014	0.514	rs12685098
PTPRD	rls_akcimen x sleepdur_eur_short	50%	454	190	5e-06	0.005	0.841	rs12685098
PTPRD	rls_akcimen x sleepdur_eur_short	50%	454	190	1e-05	0.003	0.914	rs12685098
PTPRD	rls_akcimen x sleepdur_eur_short	50%	454	190	2e-05	0.001	0.955	rs12685098
PTPRD	rls_akcimen x sleepdur_eur_short	50%	454	190	5e-05	0.001	0.981	rs12685098
GBA	pd_nalls x rbd	100%	2128	3633	1e-06	0.242	0.31	rs35749011
GBA	pd_nalls x rbd	100%	2128	3633	5e-06	0.108	0.692	rs35749011
GBA	pd_nalls x rbd	100%	2128	3633	1e-05	0.064	0.818	rs35749011
GBA	pd_nalls x rbd	100%	2128	3633	2e-05	0.035	0.9	rs35749011
GBA	pd_nalls x rbd	100%	2128	3633	5e-05	0.015	0.957	rs35749011
GBA	pd_nalls x rbd	75%	1596	2308	1e-06	0.141	0.351	rs35749011
GBA	pd_nalls x rbd	75%	1596	2308	5e-06	0.059	0.73	rs35749011
GBA	pd_nalls x rbd	75%	1596	2308	1e-05	0.034	0.844	rs35749011
GBA	pd_nalls x rbd	75%	1596	2308	2e-05	0.018	0.915	rs35749011
GBA	pd_nalls x rbd	75%	1596	2308	5e-05	0.008	0.964	rs35749011
GBA	pd_nalls x rbd	50%	1064	1411	1e-06	0.065	0.455	rs145330152
GBA	pd_nalls x rbd	50%	1064	1411	5e-06	0.023	0.807	rs145330152
GBA	pd_nalls x rbd	50%	1064	1411	1e-05	0.013	0.893	rs145330152
GBA	pd_nalls x rbd	50%	1064	1411	2e-05	0.007	0.943	rs145330152
GBA	pd_nalls x rbd	50%	1064	1411	5e-05	0.003	0.977	rs145330152
