"nsnps","hit1","hit2","PP.H0.abf","PP.H1.abf","PP.H2.abf","PP.H3.abf","PP.H4.abf","idx1","idx2"
1187,"rs113851554","rs11693221",0,3.03489414499268e-17,0,0.0218614527857462,0.978138547214198,1,1
1187,"rs17559707","rs11693221",2.47438575270129e-19,1.2736563066443e-15,0.000194188820636259,0.999559968170255,0.000245843009108738,2,1
1187,"rs13021657","rs11693221",2.16995140442834e-21,1.27421408661874e-15,1.70296932725188e-06,0.999998203198666,9.38320054373963e-08,6,1
1187,"rs36077609","rs11693221",2.64036403600744e-24,1.27421637320342e-15,2.07214731026854e-09,0.999999997888921,3.89283987520069e-11,7,1
1187,"rs999091","rs11693221",1.34294871138567e-17,1.26061959030059e-15,0.0105394086655352,0.989329033029668,0.000131558304794078,8,1
1187,"rs116777676","rs11693221",1.19656534078659e-18,1.27298602490875e-15,0.000939059773068544,0.999034372250643,2.65679762871378e-05,4,1
1187,"rs2192956","rs11693221",3.53123114757719e-19,1.27385803991805e-15,0.000277129631543275,0.999718771137577,4.09923087604009e-06,3,1
1187,"rs2110974","rs11693221",1.27064084537484e-18,1.27290655984823e-15,0.000997193937712535,0.998971999907327,3.08061549584065e-05,9,1
1187,"rs4480973","rs11693221",4.06794941784867e-27,1.27421637588751e-15,3.1925107028991e-12,0.99999999999546,1.34870066791055e-12,5,1
